id,name,country,grade,salesman_id
1,Welsh Stalf,Sweden,478,5650
2,Pearl Mantha,Brazil,190,5330
3,Marlowe Charlton,France,156,5731
4,Donnell Titchen,France,188,5194
5,Lottie Buckerfield,Trinidad and Tobago,460,5401
6,Blair Lamba,France,111,5017
7,Honoria Tarling,Russia,190,5509
8,Jaquith Cabane,Indonesia,220,5807
9,Freeland Handscomb,Russia,411,5842
10,Marcelo Hasnney,China,107,5560
11,Udale Aitken,Norway,301,5986
12,Kareem Chivrall,Democratic Republic of the Congo,368,5400
13,Davida Dyshart,China,255,5522
14,Dimitri Spyby,China,432,5023
15,Mariya Goodsall,China,289,5685
16,Cinderella Edgeworth,Russia,375,5069
17,Hiram Shewen,Philippines,331,5638
18,Sigismondo Duerden,Portugal,218,5501
19,Jonah Cosser,China,253,5892
20,Siouxie Ferries,Indonesia,250,5725
21,Alyse Drewry,Norway,186,5467
22,Lyman Donati,South Korea,149,5805
23,Gwenore Ferraro,Tajikistan,143,5997
24,Susy Deekes,Jordan,444,5825
25,Yolande Hatherley,China,210,5938
26,Antin Gutman,Philippines,398,5290
27,Olivette Moohan,China,228,5225
28,Emmalee Louth,China,115,5079
29,Diahann Mabone,Brazil,205,5380
30,Rene Livens,France,163,5050
31,Pietrek Simonsson,Egypt,274,5140
32,Marsha Baulch,Albania,441,5704
33,Maxie Nitti,Philippines,332,5021
34,Gladi Sydney,Brazil,413,5046
35,Reynolds Mepham,Indonesia,140,5475
36,Leigh Mertsching,Nigeria,401,5520
37,Etienne Darley,Hungary,358,5525
38,Theresina Riccardelli,Palestinian Territory,459,5803
39,Barbee Milberry,Brazil,230,5744
40,Gertrudis Heister,China,488,5945
41,Carlyn McGilvary,Russia,143,5184
42,Alphonse Mullane,Indonesia,344,5403
43,Sioux Lugsdin,China,102,5060
44,Sioux Wren,Brazil,428,5843
45,Lorilee Patters,Russia,170,5802
46,Donni Bernardez,Portugal,315,5637
47,Nicol Binton,China,479,5318
48,Margarete Karlmann,China,377,5356
49,Jami Pashan,Ireland,125,5755
50,Jules Karp,China,421,5329
51,Ives Harriman,Poland,342,5711
52,D'arcy Reglar,Ukraine,117,5967
53,Vale Nottle,France,361,5834
54,Charlean Joburn,Somalia,309,5709
55,Nicolle Rosenberger,Ukraine,214,5136
56,Lou Eisak,Philippines,190,5818
57,Archie McGahy,Guyana,138,5045
58,Gregoor Stothert,Czech Republic,298,5151
59,Henryetta Zuan,Indonesia,136,5206
60,Codie Cartman,Indonesia,493,5683
61,Katya Reisin,Senegal,288,5364
62,Valina Strafen,Nigeria,101,5198
63,Adrien Asel,Canada,325,5228
64,Odelle Waldrum,Estonia,194,5083
65,Kathrine Pyser,Albania,208,5587
66,Jdavie Clubb,South Korea,449,5260
67,Cal O'Shiels,Sweden,463,5888
68,Maribeth Farncombe,Nigeria,153,5713
69,Kerri Gold,Russia,472,5345
70,Randi Webb,Montenegro,425,5790
71,Ravid Mirams,Philippines,107,5874
72,Kip Dyte,Indonesia,257,5262
73,Wells Mundall,Poland,368,5570
74,Ebonee Swiers,Peru,331,5834
75,Rodie Heatlie,China,450,5435
76,Lydia Erington,Iran,468,5292
77,Siffre Tippetts,Russia,122,5778
78,Harwell Leinweber,Ecuador,125,5207
79,Dayle Pelos,Malaysia,385,5904
80,Kristofor Davidovics,China,259,5820
81,Angy Croom,China,482,5829
82,Elmira Fancett,China,207,5695
83,Lark Corona,Greece,387,5990
84,Dominga Dottridge,Portugal,171,5927
85,Deidre Tetla,United States,198,5418
86,Kelila Barrowcliff,United Kingdom,485,5505
87,Dave Heatly,Spain,157,5566
88,Micky Diplock,Canada,312,5175
89,Noellyn Guntrip,France,336,5532
90,Berkeley Agnew,Afghanistan,463,5160
91,Sylvan Rosenblath,Poland,187,5671
92,Bev Kneal,Indonesia,207,5689
93,Orville Hadigate,Indonesia,184,5134
94,Samaria Baus,Finland,471,5886
95,Jolyn Longforth,Philippines,452,5327
96,Maye Stanning,Peru,113,5615
97,Georgeanna Christon,France,498,5937
98,Lowe Dumelow,China,483,5547
99,Colette Espadero,Czech Republic,222,5890
100,Mariele McBayne,Indonesia,191,5031
101,Verena MacMorland,Belarus,299,5600
102,Daryl Munt,Brazil,203,5334
103,Barbara Beric,China,495,5400
104,Shea Sleight,Poland,452,5504
105,Johnna Rens,Germany,443,5328
106,Yoko Bullerwell,Brazil,227,5462
107,Winnie Hair,Czech Republic,256,5291
108,Elladine Vere,United States,402,5126
109,Frederich Warbrick,Vietnam,145,5299
110,Goldina Bickell,China,101,5142
111,Kenny Mumford,France,315,5946
112,Beverlee Burchill,Norway,393,5214
113,Katharina Darycott,China,102,5038
114,Ivett Oldale,Indonesia,404,5683
115,Benjie Rummin,Brazil,277,5072
116,Brander Dregan,Russia,469,5633
117,Edythe Prestige,Armenia,235,5868
118,Miguel Kenvin,Indonesia,361,5121
119,Alfred Leal,Pakistan,494,5136
120,Cathlene Wakelin,Nepal,342,5355
121,Farrah McElwee,France,378,5936
122,Udall Von Salzberg,China,109,5899
123,Yance Summerhayes,Peru,153,5843
124,Andre Stirrup,China,239,5849
125,Boniface Bryenton,Panama,419,5194
126,Dion Draper,Sweden,275,5340
127,Caprice McGuirk,China,225,5037
128,Cinnamon Wye,Belgium,316,5382
129,Karine Obal,China,396,5228
130,Orelie Brownhall,Brazil,293,5444
131,Katheryn Wroth,Poland,342,5412
132,Devondra Abbot,China,406,5758
133,Julian Denerley,China,303,5038
134,Zebulen Gerdes,China,177,5292
135,Eb Wittke,Brazil,414,5296
136,Aluino Poel,Indonesia,151,5272
137,Luella Oxbrow,Russia,190,5432
138,Wit Dudbridge,United Kingdom,108,5662
139,Maureen Handrick,Portugal,446,5323
140,Carney Strong,Poland,190,5234
141,Koo Keyme,United States,361,5309
142,Ursala Ert,China,162,5397
143,Stacey Orbell,Russia,344,5685
144,Roderick Brotherton,Laos,154,5677
145,Travus Filinkov,Russia,440,5600
146,Smitty Eggleston,United States,282,5798
147,Garrick Shatford,Poland,113,5709
148,Kane Dybbe,Bulgaria,269,5160
149,Mallory Burgh,Indonesia,223,5523
150,Avril Fielding,China,124,5050
151,Shaylah DelaField,Philippines,294,5711
152,Fleur McKechnie,Portugal,120,5536
153,Karalynn Van Baaren,Japan,455,5236
154,Barnabe Beel,China,409,5276
155,Laird Statefield,China,122,5934
156,Bronson Queree,Belarus,218,5449
157,Babette Valentim,Portugal,339,5836
158,Latrina Lewson,Canada,339,5414
159,Natka Caudrey,Colombia,102,5557
160,Jeri Stidston,Samoa,319,5583
161,Cher Gertray,Poland,211,6000
162,Cordie O'Sesnane,Philippines,118,5483
163,Percival Goody,Malaysia,439,5013
164,Melanie Ledgister,Philippines,353,5470
165,Rolfe Whitters,Brazil,250,5444
166,Andonis Swanne,South Africa,453,5300
167,Bernice Michurin,Philippines,459,5145
168,Gregoor Wooton,China,381,5873
169,Meaghan Woodcock,Argentina,116,5035
170,Nicholle Danielsen,Brazil,139,5585
171,Hillier Hellier,Japan,372,5937
172,Siana De Freyne,Brazil,397,5877
173,Rozele Tremollet,China,364,5518
174,Violetta Portam,Costa Rica,241,5040
175,Claire Dudman,China,296,5595
176,Cathrine Jays,Portugal,433,5586
177,Tasia Fulford,Russia,385,5238
178,Lorry Pieterick,Russia,148,5247
179,Kennan Downey,Sudan,439,5485
180,Rosemaria Olin,United States,320,5934
181,Sanson Walklate,Poland,133,5544
182,Hoebart Mozzi,Sweden,394,5418
183,Hyacinthe Langfat,Botswana,156,5678
184,Shaw De Souza,Argentina,157,5759
185,Benjamen Claughton,Morocco,309,5660
186,Salomone Maharey,France,368,5473
187,Ines Brizell,Philippines,471,5809
188,Ingelbert Iuorio,Portugal,338,5810
189,Collin Castellet,France,467,5730
190,Avie Kenneford,Philippines,284,5385
191,Corby Breche,Indonesia,481,5149
192,Carr Larcier,Sweden,223,5812
193,Shelli Lighton,Brazil,216,5020
194,Alva Blomefield,Indonesia,356,5549
195,Annnora Dolling,Norway,247,5094
196,Bellanca Knapper,Brazil,183,5902
197,Jordanna Lehrer,Philippines,231,5088
198,Link Prettyjohn,China,314,5350
199,Candida Roberds,Nepal,239,5780
200,Efrem Delgardo,Madagascar,201,5773
201,Ivie Kivelhan,Nigeria,380,5639
202,Hillel di Rocca,Indonesia,329,5743
203,Maia Denison,Vietnam,340,5609
204,Kane Kirvell,Russia,231,5230
205,Merle Goodread,Japan,137,5147
206,Denice Reddecliffe,Sweden,407,5913
207,Olly Plank,Brazil,439,5587
208,Arie Jewer,Russia,475,5601
209,Sallee Beautyman,Bolivia,444,5155
210,Domeniga Robatham,Russia,474,5968
211,Gunther Bearward,Sweden,215,5434
212,Ritchie Vallow,Colombia,104,5048
213,Catlee Meaking,Peru,166,5309
214,Duane Duferie,Armenia,136,5201
215,Flem Palister,Panama,354,5807
216,Cornelia Siddle,Russia,133,5952
217,Lula Blowne,China,210,5158
218,Gordy Quene,Angola,294,5953
219,Ignacio Gercke,Kosovo,357,5818
220,Ardyth Markos,China,450,5291
221,Anna-diane Akerman,France,251,5905
222,Uriah Musker,Iran,472,5847
223,Giulietta Downgate,Myanmar,108,5697
224,Blakeley Grooby,Thailand,429,5911
225,Edie Rubenov,Mexico,328,5912
226,Corliss Mackley,Slovenia,429,5393
227,Donica Hallewell,Argentina,224,5434
228,Tilda Jouhandeau,Ukraine,236,5814
229,Art Husselbee,China,197,5560
230,Inger Steanyng,China,360,5851
231,Reinhard Dahl,Cuba,123,5259
232,Dan Yakovlev,Indonesia,225,5139
233,Xylina Dolling,Egypt,359,5058
234,Rey Boldry,Bulgaria,417,5401
235,Dorian McCaughran,Brazil,159,5795
236,Valentino Rubenov,Brazil,237,5749
237,Delila Huntly,Bosnia and Herzegovina,412,5698
238,Emogene Lamke,Thailand,247,5297
239,Stormy Bendin,Venezuela,410,5474
240,Filmore Kervin,China,136,5485
241,Paolo Matasov,China,397,5970
242,Darsie Antonomoli,Russia,482,5232
243,Desmond Geard,China,161,5986
244,Meyer Sambedge,Pakistan,136,5266
245,Christal Philipps,Ukraine,187,5128
246,Lorianna Waker,Indonesia,293,5468
247,Parnell Danbury,China,218,5148
248,Ginnie McBeth,China,282,5481
249,Sophi Wagner,China,433,5812
250,Belva Profit,Philippines,352,5100
251,Damian Mattusevich,Cameroon,447,5123
252,Hastie Studd,Ghana,493,5894
253,Fee Strettle,Macedonia,280,5419
254,Katy Maudlin,Afghanistan,438,5862
255,Cristobal Burdekin,Argentina,219,5346
256,Joice Gounel,Mauritius,367,5374
257,Tailor Blethyn,Honduras,181,5794
258,Beckie Pynn,Indonesia,122,5092
259,Elisha Fransinelli,China,140,5908
260,Kirby Gilson,Thailand,388,5614
261,Archibaldo Mettericke,Ethiopia,159,5386
262,Ari Luciano,Guatemala,326,5069
263,Dawna Trowsdall,Brazil,456,5821
264,Leif Guinness,Pakistan,151,5268
265,Haskell Haensel,Syria,156,5004
266,Kathlin Aymeric,China,206,5761
267,Henriette Shaw,Sweden,289,5015
268,Zachariah Grane,Haiti,155,5376
269,Iggie Pargeter,Russia,316,5290
270,Lianna Bosquet,Indonesia,404,5497
271,Kelci Wynch,Sweden,172,5386
272,Estella Ros,Liberia,400,5790
273,Anny Gambell,China,108,5474
274,Judye Gurge,Iran,203,5888
275,Wilbur Wiggin,Indonesia,123,5313
276,Fidelity McWhinnie,Sweden,200,5466
277,Katharyn Hannabuss,Nigeria,154,5500
278,Thorstein Loxton,Nigeria,168,5363
279,Maisey Ivashkov,Russia,140,5152
280,Thorndike Tuffell,Indonesia,180,5503
281,Demott Chesshire,Bangladesh,437,5376
282,Gilemette Seczyk,Greece,468,5649
283,Tiler Latimer,United States,358,5982
284,Claybourne Tideswell,Philippines,489,5343
285,Adan Franey,China,119,5752
286,Thomasine McMurraya,Thailand,425,5511
287,Vivian Litton,Indonesia,419,5167
288,Vida Shmyr,North Korea,134,5102
289,Prince Muspratt,Mongolia,341,5230
290,Noel Moorrud,Croatia,348,5409
291,Hillary Blague,Indonesia,341,5487
292,Dov Kalinsky,Portugal,119,5781
293,Felicio Slyford,Armenia,406,5193
294,Dolph Halbeard,Bangladesh,177,5958
295,Dynah Ayshford,Ukraine,296,5585
296,Torey Brookes,China,250,5105
297,Grange Garratt,Greece,110,5309
298,Teri Bretherton,France,239,5131
299,Joyann Billie,Malaysia,289,5035
300,Billy Hedaux,Indonesia,197,5653
301,Barny O'Looney,China,197,5982
302,Curcio Flewett,Portugal,312,5454
303,Eugine Leavold,Philippines,488,5275
304,Alica Mariet,China,106,5654
305,Kevina Neeves,Burkina Faso,360,5504
306,Henryetta Knyvett,Myanmar,213,5515
307,Marguerite MacGorrie,Ethiopia,197,5667
308,Garreth Reeme,Russia,339,5493
309,Anatola Kynan,China,496,5361
310,Benedikta Gleave,Greece,342,5223
311,Debee Fraulo,Indonesia,115,5951
312,Micaela Malbon,Russia,116,5175
313,Tabbi Goodsir,Indonesia,223,5567
314,El Esson,Sweden,369,5524
315,Issi Sisse,Egypt,108,5552
316,Eamon Stanmore,Ukraine,386,5874
317,Chelsey Toal,Gambia,384,5464
318,Joella Marl,Indonesia,107,5462
319,Nady Bradane,Russia,229,5403
320,Rafael Attwoul,Peru,258,5355
321,Ana Dowrey,Mexico,158,5308
322,Aguistin O'Breen,Indonesia,169,5442
323,Joy Hubert,Hungary,286,5948
324,Nelle Murrey,Indonesia,305,5067
325,Barb Granger,Finland,240,5248
326,Hedwiga Arnald,China,176,5853
327,Gabriella Goodlip,El Salvador,396,5973
328,Mal Carnduff,Estonia,267,5871
329,Ardelia Alwell,Indonesia,158,5514
330,Ky Klimov,Indonesia,385,5518
331,Paxton Gaylor,Philippines,434,5654
332,Lind Morrow,China,237,5536
333,Alyss Sign,China,282,5280
334,Rick Lippingwell,Finland,275,5159
335,Fransisco Greir,Estonia,500,5702
336,Oby Freen,China,468,5588
337,Moshe Lawton,China,173,5749
338,Gabie Valentinetti,Indonesia,325,5397
339,Sydel Stevings,Niger,288,5500
340,Fan Pullan,Ethiopia,213,5032
341,Jarad Hessle,Myanmar,291,5705
342,Jenni Biggadyke,Philippines,276,5485
343,Martha Hunnicot,Sri Lanka,307,5161
344,Agatha Slad,Brazil,230,5130
345,Artemis Vidineev,Dominican Republic,258,5007
346,Franklyn Etuck,Bolivia,230,5842
347,Tabbatha Hazeldean,Portugal,453,5876
348,Kissiah Jaume,Colombia,496,5276
349,Mona O' Dornan,China,485,5178
350,Hugh Loosley,Russia,402,5434
351,Perceval Edgerly,Morocco,451,5497
352,Dale Corney,Sweden,484,5414
353,Tommie Gynn,Latvia,403,5903
354,Stacie Delafoy,Greece,310,5721
355,Matt Kenelin,Serbia,404,5205
356,Buddy Wicher,Japan,226,5928
357,Brnaby Goldberg,Brazil,369,5817
358,Fee Lyfield,China,247,5556
359,Una Mayze,Russia,410,5394
360,Hillard McTrustram,Indonesia,139,5870
361,Kikelia Johnston,Brazil,391,5618
362,Thedric Cuff,Panama,167,5524
363,Mortie Sandom,Yemen,241,5969
364,Hillie Gratland,Australia,135,5433
365,Ricky Ennew,China,201,5199
366,Peyter Finker,Canada,448,5171
367,Onofredo Ditchett,Paraguay,460,5854
368,Shalna Dawtry,Angola,388,5110
369,Tremayne Simonnot,China,201,5841
370,Broddie Eliaz,China,405,5780
371,Wilone Radleigh,Brazil,154,5577
372,Cara Conti,Ecuador,187,5942
373,Mackenzie Harries,China,357,5558
374,Carma Raithbie,China,104,5470
375,Gertrud Canape,Russia,345,5072
376,Hayley Alekhov,China,220,5901
377,Brinn Ekins,China,298,5354
378,Christi Fidgin,Uruguay,484,5869
379,Stephannie Vanyarkin,Finland,350,5466
380,Reinwald Lammerding,Estonia,343,5438
381,Aline Urch,Sweden,495,5650
382,Dino Angerstein,Ukraine,225,5988
383,Lyman Hardy-Piggin,Indonesia,474,5482
384,Clim Seivwright,French Polynesia,460,5909
385,Frederic Tallow,Belarus,231,5925
386,Dalila Faunch,China,269,5323
387,Dorolice Sebring,Kosovo,285,5071
388,Wilden Woolfenden,Afghanistan,357,5179
389,Anissa Cufflin,Kazakhstan,305,5413
390,Marne Parrot,Indonesia,303,5219
391,Meris Sima,China,402,5049
392,Domingo D'eath,France,388,5363
393,Brandy Atthowe,Thailand,139,5459
394,Lamond Nashe,China,127,5291
395,Phyllida Scamaden,Afghanistan,322,5457
396,Albert Boeck,Brazil,122,5710
397,Frans Fritchly,Bosnia and Herzegovina,348,5657
398,Noby Petheridge,China,500,5586
399,Burr Spykings,Thailand,484,5929
400,Felecia Puckring,Honduras,330,5777
401,Fabiano Triggel,Yemen,395,5576
402,Gianni Van den Velden,New Zealand,434,5510
403,Kerr Jurisch,Ireland,211,5359
404,Stacee Skiplorne,Thailand,103,5699
405,Buiron Tutill,Serbia,485,5123
406,Grantham Hasselby,Russia,274,5550
407,Valentino Elven,United States,270,5382
408,Oralie Brosh,China,292,5238
409,Katherine Castard,Dominican Republic,210,5047
410,Grissel Penburton,Russia,107,5118
411,Kassi Attenborough,France,306,5699
412,Aharon Di Bartolomeo,Portugal,338,5087
413,Law Clail,China,482,5440
414,Ebenezer Pacey,China,388,5285
415,Leanora Piesold,China,182,5867
416,Carl Serrels,China,167,5416
417,Deedee Curds,Brazil,415,5182
418,Shaina Murcutt,Brazil,170,5993
419,Bren Mainson,Sweden,464,5850
420,Maddie Treske,China,446,5676
421,Jayson Siehard,Tanzania,170,5832
422,Galvin Ferretti,Ireland,166,5806
423,Janet Nunnery,Portugal,256,5252
424,Dorita Rablan,China,208,5125
425,Ellyn O'Cridigan,Philippines,121,5585
426,Hollie Gudger,Indonesia,361,5810
427,Pearla Seale,Indonesia,387,5963
428,Carree De Cruze,Portugal,432,5873
429,Morten Kembley,Indonesia,113,5197
430,Eleanore Carty,Russia,258,5494
431,Aurelie Pavie,Gambia,275,5998
432,Cassandre Foister,Norway,406,5152
433,Carson Loutheane,Indonesia,157,5502
434,Jessee Samet,United States,405,5986
435,Ezechiel Petegre,France,244,5219
436,Ronna Watchorn,Indonesia,469,5287
437,Mamie Londer,Portugal,482,5491
438,Lizzy Cassedy,Russia,455,5855
439,Artie Lansly,Russia,285,5894
440,Cicily Bohlin,China,278,5191
441,Ortensia Bliven,Colombia,433,5064
442,Giralda Pascall,China,331,5643
443,Pansy Arnaud,China,142,5612
444,Keefer Roome,Venezuela,264,5526
445,Nerte Guppie,Russia,153,5289
446,Theodosia O'Neill,France,338,5979
447,Marybelle Snoddy,Laos,165,5629
448,Jenelle Harkes,Canada,208,5625
449,Lavina Hammerman,Georgia,318,5448
450,Diego Ondrich,Myanmar,214,5099
451,Devon Kittoe,Russia,332,5458
452,Jillana Geibel,Finland,113,5923
453,Phip Blomefield,Indonesia,363,5241
454,Raynard Varker,China,252,5650
455,Hank Grzelewski,Argentina,415,5979
456,Garwin Paffett,Indonesia,197,5837
457,Dedie Bottjer,Brazil,491,5772
458,Ogdon Batalle,France,334,5863
459,Urbanus Christophle,Indonesia,237,5103
460,Bernice Jantel,Brazil,238,5686
461,Leroy Mathet,Azerbaijan,132,5069
462,Shandie Geraldini,Martinique,460,5204
463,Shirleen Karpfen,Czech Republic,464,5624
464,Corrie Kamien,China,367,5765
465,Verne Chrippes,Russia,260,5144
466,Vail Vossgen,Portugal,399,5071
467,Joellyn Moules,United States,413,5765
468,Shaylyn Scotchford,China,203,5780
469,Rheta Rennison,Indonesia,206,5541
470,Patty Sayers,Belarus,368,5150
471,Lauretta Klaaassen,Togo,212,5350
472,Earlie Del Dello,Czech Republic,490,5452
473,Bobby Rowling,Indonesia,198,5253
474,Giordano Hinkens,Yemen,371,5802
475,Kelsy Peret,Turkmenistan,380,5016
476,Lena Featherstonhalgh,Peru,120,5968
477,Annamaria Gasnell,United States,410,5972
478,Dulcine Beveridge,Sweden,455,5085
479,Deborah Ealam,Kazakhstan,440,5434
480,Thain Calverd,Ukraine,193,5438
481,Andra Haggerston,Russia,191,5643
482,Archibaldo Nani,Uganda,283,5475
483,Cynthy Braiden,Myanmar,107,5050
484,Jamie Prothero,Sweden,226,5993
485,Amery Severwright,Japan,171,5478
486,Lynelle Moralas,Thailand,153,5414
487,Germayne Klimowski,Greece,489,5192
488,Stefanie Ibbitson,Poland,338,5889
489,Nikita Kurt,Indonesia,434,5588
490,Cesya Everley,China,244,5730
491,Miquela Munden,Russia,352,5928
492,Fulton Druitt,Colombia,308,5064
493,Karyn Probet,Finland,274,5822
494,Wayland Sirette,Japan,258,5522
495,Monika Osinin,Nigeria,231,5256
496,Orelle Cantos,Norway,296,5275
497,Elvera Wayper,Indonesia,197,5396
498,Elnore Willard,United States,347,5742
499,Ewen Stegell,Hungary,423,5169
500,Elianora O'Bruen,Philippines,372,5437
501,Lincoln Radage,China,135,5084
502,Ilse Heisman,Brazil,263,5495
503,Nat Greenrod,Indonesia,449,5961
504,Godfry Sprionghall,Indonesia,451,5881
505,Bevvy Parks,France,370,5622
506,Demetre Vanetti,Sweden,252,5235
507,Terry Lafoy,China,157,5546
508,Hunter Kellar,China,265,5618
509,Eadie Stanger,Jamaica,202,5471
510,Austin Roycroft,Thailand,403,5872
511,Federica Scalera,China,228,5844
512,Darwin Bessent,China,188,5522
513,Ganny Duckett,Russia,175,5832
514,Dasha Matkin,Armenia,395,5703
515,Marcile Senechault,Russia,306,5924
516,Mattheus Tulip,Indonesia,274,5344
517,Enrichetta Ratazzi,Peru,429,5637
518,Neron Node,Philippines,483,5801
519,Sande Eastmond,China,500,5745
520,Mike Stille,Turkmenistan,424,5644
521,Garnette Ferri,China,331,5764
522,Conway Ditchett,Poland,167,5067
523,Tiler Pilley,Colombia,388,5648
524,Cart Moule,Ukraine,300,5839
525,Olva Levermore,Russia,140,5604
526,Wini Mattheus,France,162,5171
527,Fifi Paskerful,Philippines,200,5260
528,Brigg Sikora,Ukraine,330,5147
529,Annemarie Pashbee,Indonesia,397,5946
530,Kort Trotman,Moldova,476,5031
531,Kris Skaife d'Ingerthorpe,Brazil,172,5522
532,Andy O'Duilleain,China,336,5758
533,Worth Akrigg,Indonesia,171,5930
534,Alena Wisedale,Nigeria,289,5979
535,Morganne Glendza,Russia,149,5283
536,Morly Hurdiss,China,388,5097
537,Catharina Pritchitt,Kenya,408,5863
538,Cherise Watton,Japan,199,5437
539,Carlie Park,Russia,253,5483
540,Mersey Golledge,Yemen,128,5618
541,Levy Verdon,United States,169,5771
542,Yurik Harness,China,435,5090
543,Candra Tappington,Uzbekistan,107,5784
544,Vernor Leeves,Chile,329,5030
545,Philippine Tredinnick,Spain,288,5069
546,Wye Chinnery,Indonesia,468,5167
547,Ginger Ellett,Portugal,437,5745
548,Chere Repp,Lithuania,249,5693
549,Klarika Barok,Sweden,199,5714
550,Creight Dormon,China,205,5766
551,Arvie Ughelli,Pakistan,390,5285
552,Boony Sanchis,Poland,306,5335
553,Bryant Askaw,Belarus,390,5527
554,Izabel Dugdale,China,319,5448
555,Lanita Egdale,Finland,232,5628
556,Christa Pitchers,Indonesia,195,5429
557,Tadeas Wilbore,China,194,5688
558,Adelice MacGauhy,Albania,323,5528
559,Janela Munnion,Ukraine,356,5667
560,Vladimir Morl,Latvia,425,5245
561,Raina Melendez,Norway,180,5762
562,Tani Nouch,Nigeria,264,5923
563,Isak Chalder,Russia,333,5421
564,Greta Held,Russia,250,5194
565,Rainer Decreuze,Indonesia,259,5392
566,Shaw Sollom,Guam,364,5766
567,Allyson Larrat,Bulgaria,150,5407
568,Ruthe Linford,Nigeria,367,5011
569,Conny Renn,China,377,5766
570,Rudyard Weadick,United States,121,5392
571,Ninnetta Empringham,Russia,176,5181
572,Teodora Shalliker,Malaysia,302,5687
573,Tonye Thon,China,391,5151
574,Lisetta Bealton,Portugal,323,5435
575,Rafferty Gorry,Venezuela,497,5297
576,Othilia Whithalgh,Vietnam,363,5931
577,Leticia Aldus,Philippines,177,5069
578,Jazmin Balstone,Russia,368,5848
579,Alvera Bach,Yemen,414,5556
580,Joceline Grimwad,Japan,269,5488
581,Ingram Fursland,Mongolia,133,5668
582,Archibaldo Osboldstone,China,108,5166
583,Mellicent Kinane,Sweden,387,5044
584,Colin Mitchinson,Peru,100,5901
585,Nicky Lints,Colombia,163,5210
586,Vevay Penhale,Germany,115,5431
587,Clifford Corneille,Indonesia,194,5527
588,Mickie Downey,Argentina,338,5732
589,Louisa Meddings,China,216,5359
590,Elisabetta Hafner,China,307,5420
591,Meredeth Aloshikin,China,222,5654
592,Page Burtwell,Philippines,475,5447
593,Birgitta Elener,Greece,137,5527
594,Berkly Critchley,China,151,5960
595,Siffre Gaylor,China,142,5213
596,Berne Palumbo,Philippines,245,5907
597,Kerrill Brooker,Georgia,243,5619
598,Charlean Malkinson,Indonesia,381,5789
599,Doralia Cornelissen,Peru,374,5275
600,Jenilee Priel,Nigeria,355,5447
601,Jakie Veschambes,China,439,5548
602,Benedict Vaskin,Russia,232,5623
603,Luce Lenihan,Tanzania,288,5517
604,Minetta Lindell,France,387,5101
605,Drusi Keemar,Yemen,266,5464
606,Almire Bande,Colombia,305,5825
607,Carolynn Togher,China,192,5243
608,Breanne Garvin,Argentina,490,5918
609,Clim Pierucci,Chile,376,5431
610,Issi Mewhirter,Finland,346,5748
611,Phillida Degue,China,196,5055
612,Nixie Pervew,Indonesia,348,5121
613,Ibbie Rawlings,Russia,485,5960
614,Chrissy Collingham,Russia,182,5264
615,Garrot Ziemsen,Argentina,338,5489
616,Tiertza Jakubovski,Japan,303,5552
617,Micheil McCrackan,United States,446,5689
618,Kurt Giacobazzi,China,394,5296
619,Frank Durtnal,China,172,5984
620,Murielle Krolak,Sweden,141,5422
621,Angie O'Crotty,Canada,479,5744
622,Gratia McEvon,United States,394,5834
623,Gwendolen Haskayne,Japan,331,5833
624,Nickola Sherwood,Philippines,437,5067
625,Karisa Jagger,Russia,394,5136
626,Tonia Sandilands,China,337,5252
627,Latrina Wykes,China,414,5446
628,Consolata Frawley,Venezuela,466,5217
629,Dennet Manlow,Greece,479,5254
630,Devondra Tollett,Indonesia,434,5854
631,Orin Peegrem,China,413,5878
632,Saba Greer,Myanmar,380,5502
633,Gypsy Lemanu,Guatemala,490,5023
634,Veronique Leupoldt,Greece,179,5336
635,Tyson Maclean,Benin,374,5426
636,Meggy Besantie,Ecuador,442,5326
637,Othello Evelyn,France,225,5675
638,Terrel Joscelyn,China,173,5681
639,Ber Fragino,Moldova,248,5726
640,Urbano Cast,China,475,5323
641,Jewell Orro,Macedonia,492,5902
642,Adolph Farryn,Philippines,451,5443
643,Husain Secker,Poland,282,5477
644,Egan Dowey,Antigua and Barbuda,437,5285
645,Lucho Leward,Philippines,450,5973
646,Tish Greiswood,Thailand,117,5426
647,Adolphus Idle,Venezuela,142,5088
648,Ellswerth McMurrugh,Indonesia,212,5294
649,Wendell Errichiello,Russia,330,5196
650,Davina Warwick,Indonesia,380,5199
651,Blair Shankland,Russia,306,5163
652,Mickey Ferran,Uzbekistan,361,5509
653,Brooke Seabridge,France,231,5493
654,Cooper Clemas,Philippines,374,5085
655,Sonnie Geggie,Indonesia,237,5474
656,Ahmed Marsland,Pakistan,309,5073
657,Alvinia Cocksedge,China,364,5745
658,Shellysheldon Digg,Venezuela,251,5828
659,Knox Bleby,China,111,5376
660,Ronda Gerdts,Philippines,479,5553
661,Marleah Boorne,Madagascar,235,5074
662,Frederik Austing,China,157,5432
663,Jedidiah Malletratt,Ethiopia,150,5286
664,Breanne Latta,Croatia,329,5106
665,Blondell Pawlick,Indonesia,418,5030
666,Jamal Butler,Nigeria,366,5776
667,Dianne Grute,Philippines,387,5180
668,Chantal Rekes,China,100,5104
669,Rhys Dilke,China,452,5766
670,Fawne Pottell,China,361,5977
671,Marice Dodell,Indonesia,381,5168
672,Devin Doughty,Indonesia,431,5327
673,Aron Tatersale,Czech Republic,469,5303
674,Fred Breslau,New Zealand,159,5988
675,Silvan Russel,Indonesia,410,5327
676,Mandie Stollman,Peru,228,5166
677,Marja Morford,Thailand,464,5482
678,Jemima Paquet,Poland,492,5341
679,Selene Baldam,China,479,5126
680,Dillie Bowlands,China,147,5588
681,Ronnie La Rosa,Indonesia,467,5650
682,Greer Winchurch,Indonesia,303,5259
683,Innis Physick,Philippines,402,5343
684,Kelby Yanez,China,234,5657
685,Hatti Josilevich,Poland,196,5050
686,Bucky Cormack,Venezuela,203,5498
687,Brena Gaitley,China,288,5439
688,Phillip Hugnet,Philippines,383,5162
689,Baudoin Urrey,France,164,5029
690,Bernette Warrener,Iraq,331,5750
691,Renaud Cummins,Portugal,280,5181
692,Cristina Desouza,Indonesia,128,5299
693,Emmanuel Martino,Indonesia,319,5930
694,Ellsworth Hindmoor,Canada,110,5147
695,Matias Lockhead,China,488,5266
696,Darn Moses,Brazil,219,5704
697,Heida Probyn,United States,200,5354
698,Sherman Velti,Vietnam,408,5781
699,Delmor Le Marchant,Argentina,367,5502
700,Aundrea Rattenberie,North Korea,277,5071
701,Allyn Wardley,Philippines,148,5422
702,Lacy Escott,China,392,5534
703,Diane-marie Scotchford,Poland,418,5670
704,Dionne Steers,Syria,192,5600
705,Tessie Nunn,Philippines,149,5995
706,Bink Wherrett,Indonesia,391,5860
707,Odessa Van den Velde,Ukraine,105,5644
708,Arnuad Sheran,Poland,149,5285
709,Johnna Rosenthal,China,325,5537
710,Gregoor Rummery,Eritrea,210,5338
711,Woodman Tompion,China,346,5136
712,Ami Courtenay,Mongolia,188,5711
713,Eyde O'Halloran,Japan,249,5937
714,Sutton Holehouse,Indonesia,484,5281
715,Seumas Clarage,Philippines,105,5385
716,Cristen Swayton,Greece,228,5540
717,Dickie Reith,Indonesia,427,5761
718,Kelcey Kefford,Kazakhstan,265,5468
719,Matthus Gulvin,United States,154,5065
720,Brand Kendred,China,239,5758
721,Jeffie Camber,Venezuela,439,5501
722,Rosaleen Domokos,China,487,5105
723,Nobie Richten,Lesotho,415,5151
724,Cele Pymm,Sweden,325,5817
725,Rey Sherrin,China,467,5381
726,Venita Robic,Czech Republic,311,5332
727,Engracia Kitter,Brazil,245,5821
728,Misty Marson,Morocco,245,5847
729,Dwain Sherr,Mongolia,200,5210
730,Arin Garmon,Guatemala,493,5881
731,Erroll Bortolomei,China,246,5499
732,Rochette Evenett,Cuba,175,5939
733,Constantine Lynock,China,497,5276
734,Jean Shercliff,United Kingdom,186,5068
735,Merridie Daniau,Czech Republic,250,5718
736,Cheslie Sandels,China,322,5229
737,Onofredo Tesdale,China,211,5281
738,Reggis Simeoni,Panama,432,5557
739,Thomasine MacQuarrie,China,423,5092
740,Ruthe Neathway,Brazil,200,5492
741,Lyndell Mauger,Slovenia,290,5473
742,Isaac Lindenman,Greece,115,5616
743,Alysa Hansill,China,301,5011
744,Hube Reast,China,426,5412
745,Moshe Giacobelli,United Arab Emirates,291,5196
746,Rene Goodlud,China,384,5220
747,Agatha Benardet,Mongolia,280,5786
748,Roze Broxup,Finland,353,5819
749,Sal Muscat,Serbia,179,5975
750,Lexie Barlow,France,461,5293
751,Quintilla Shoebridge,China,125,5023
752,Judi Crut,Mauritius,409,5032
753,Tricia Parram,Croatia,292,5986
754,Sherman Grime,Indonesia,500,5017
755,Verne Drei,Portugal,381,5899
756,Belinda Sallings,Peru,289,5748
757,Bryon Stafford,Kyrgyzstan,366,5168
758,Hillard Hyder,Thailand,281,5738
759,Donelle Hakeworth,United States,449,5163
760,Elvira Fellgatt,Finland,442,5692
761,Geno Daly,China,344,5408
762,Auberta Martensen,Indonesia,237,5648
763,Gerti Zincke,Indonesia,287,5043
764,Alvan Paxton,Indonesia,177,5665
765,Barn Garrioch,Serbia,264,5439
766,Wash Ilewicz,Portugal,162,5888
767,Bentlee Trood,Indonesia,256,5422
768,Calli Aveling,Poland,221,5672
769,Temp Ottawell,Sudan,436,5627
770,Malina Asipenko,Poland,487,5876
771,Cyrus Hughson,Indonesia,413,5251
772,Lyndy Burgan,Iran,166,5065
773,Dena Shallo,Canada,500,5177
774,Aylmar Leborgne,Portugal,364,5612
775,Elliott Dunstall,Russia,285,5993
776,Claudian Pickersgill,Philippines,128,5592
777,Robinetta Myner,Indonesia,240,5932
778,Rhiamon Cozins,Ukraine,282,5270
779,Kelcey Cawte,Brazil,161,5431
780,Carol Harrowing,Argentina,472,5310
781,Heddi Crookshank,China,352,5615
782,Kimmi Budgeon,Greece,190,5430
783,Brittany Peabody,Poland,437,5414
784,Adda Potbury,Tunisia,241,5158
785,Hurlee Finlay,South Africa,182,5442
786,Terencio Jachimiak,Portugal,419,5442
787,Donn Pavel,Jamaica,266,5798
788,Gunar Pirie,Italy,313,5919
789,Wendall Cristoferi,Brazil,407,5819
790,Dalila Penney,Poland,421,5137
791,Estrella Chetwind,Indonesia,112,5515
792,Vassili Livesley,Venezuela,424,5941
793,Ira Byford,Czech Republic,236,5856
794,Rosabel Masi,Russia,272,5165
795,Georgy Loton,United Kingdom,437,5720
796,Dorothy Kneal,Russia,470,5519
797,Bar Rowcastle,China,425,5413
798,Dawna Jenckes,Indonesia,368,5876
799,Skyler Jarrel,China,370,5641
800,Darlleen Grolle,Paraguay,107,5862
801,Aube Gossage,Uzbekistan,344,5696
802,Eba Faye,Macedonia,241,5863
803,Erminia Lanigan,Brazil,224,5952
804,Lucky Sango,Czech Republic,323,5781
805,Danita Goble,Venezuela,132,5089
806,Tyrus Breissan,United States,148,5597
807,Viviene Swale,Kosovo,236,5136
808,Cassie Twiddell,Philippines,379,5199
809,Mead Aleevy,Vietnam,268,5197
810,Chrisy Yeatman,Thailand,436,5567
811,Patricio Falkinder,Poland,233,5669
812,Chaddie Kingh,France,308,5009
813,Liuka Yarwood,Indonesia,355,5282
814,Gleda Leebetter,China,412,5639
815,Rochette Breen,Vietnam,319,5576
816,Jamison Mycroft,China,195,5008
817,Lek Suffield,Guatemala,306,5577
818,Devora Hewlings,Sierra Leone,213,5632
819,Merilee Flanne,Japan,268,5342
820,Reggis Scarlett,Ethiopia,333,5945
821,Leonore Doidge,Colombia,374,5343
822,Anatola Cowndley,Croatia,486,5373
823,Morlee Elcoate,China,125,5619
824,Irwinn McLinden,Czech Republic,349,5904
825,Karita Stenner,Indonesia,493,5693
826,Siffre Korfmann,Poland,375,5383
827,Jerrie Stocky,Dominican Republic,254,5434
828,Anthea Davids,Ukraine,274,5370
829,Izabel Amort,China,136,5722
830,Billy Khoter,Yemen,160,5083
831,Faber Kentish,Latvia,211,5649
832,Jillane Cuttell,Brazil,142,5347
833,Lorelei Meugens,Saudi Arabia,239,5164
834,Axe Staines,Indonesia,139,5797
835,Freeland Brockley,China,404,5771
836,Rachelle Sodory,Russia,163,5760
837,Roch McCrisken,Brazil,169,5747
838,Margot Dahmke,Portugal,381,5667
839,Torin Banbridge,Greece,218,5592
840,Jilli Byforth,Indonesia,137,5780
841,Adamo Davidzon,Sweden,235,5657
842,Nell Kenna,France,440,5671
843,Meghann Heighton,Mongolia,322,5262
844,Keeley Sharrem,China,242,5114
845,Poul Shellard,China,185,5658
846,Devonna Glanders,Poland,299,5321
847,Mycah MacGillespie,Portugal,105,5650
848,Willey Asprey,Russia,381,5652
849,Trueman Carlyon,China,107,5213
850,Wallace Skewes,Japan,192,5061
851,Marilin Knewstubb,Argentina,202,5312
852,Cassandra Rapkins,Finland,272,5951
853,Joyous Beartup,Indonesia,485,5031
854,Udale MacGuiness,Kyrgyzstan,148,5560
855,Morley Antrag,China,121,5248
856,Yurik Deeming,China,119,5220
857,Issi Cristofolini,Germany,442,5259
858,Stevana Keming,Afghanistan,188,5839
859,Celisse Chesshyre,South Korea,416,5940
860,Tanny Gouny,Portugal,302,5313
861,Ulberto Teesdale,China,301,5920
862,Zaria Tuddall,China,280,5764
863,Shandra Drakeley,Cameroon,436,5683
864,Aloysia Fawlo,Mexico,278,5555
865,Hayward Kinnett,Russia,403,5649
866,Edita Dawes,Poland,279,5498
867,Wallis Pryce,Indonesia,362,5234
868,Chickie Mundford,Yemen,303,5278
869,Filberto Spikings,Antigua and Barbuda,255,5883
870,Angelo Fayers,China,266,5341
871,Auberta Aireton,Serbia,359,5333
872,Katrine Castanho,China,480,5408
873,Wilburt Drewet,Russia,386,5138
874,Cort Holah,Brazil,116,5927
875,Lorraine Simoni,Thailand,417,5482
876,Emalee Carmen,Brazil,142,5718
877,Herbie Ozintsev,Palestinian Territory,353,5849
878,Elnora Sherwill,Greece,456,5642
879,Bonnee Womersley,Sweden,387,5206
880,Morly Langran,Poland,304,5341
881,Yolane Perutto,China,160,5833
882,Igor Brizell,Peru,392,5897
883,Robbi Keeping,Czech Republic,241,5656
884,Kayne Swalwell,Russia,189,5331
885,Petronella Cranmer,Morocco,393,5804
886,Morna Mattes,Portugal,197,5614
887,Antoni Willment,China,105,5079
888,Annnora De Giorgi,Ukraine,394,5304
889,Drusie Rathjen,Poland,188,5978
890,Paddie Parke,Madagascar,119,5660
891,Engracia Purchase,Colombia,322,5552
892,Logan Conring,China,353,5352
893,Engelbert Vinnick,Tunisia,215,5171
894,Gnni Boake,Vietnam,162,5467
895,Raina Reason,Greece,350,5066
896,Ianthe Amiable,Serbia,356,5774
897,Koralle Tincey,Serbia,108,5340
898,Felice Dendon,Brazil,140,5376
899,Pace Ciobutaro,China,299,5880
900,Cord Sjollema,China,455,5393
901,Annette Pheasant,Afghanistan,258,5297
902,Ciel Mussotti,Kazakhstan,498,5271
903,Katherina Desvignes,Brazil,241,5681
904,Willi Maase,South Korea,233,5723
905,Hillel Steward,Indonesia,326,5700
906,Cele Danjoie,Thailand,423,5568
907,Averyl Diver,Indonesia,107,5144
908,Pearce Estabrook,Indonesia,197,5306
909,Susanne Scotchbourouge,Poland,194,5971
910,Gerrard Simner,Czech Republic,486,5118
911,Cordy Warrior,Saudi Arabia,434,5718
912,Garnet Wilks,Russia,196,5531
913,Leoline Forgan,Philippines,301,5940
914,Ethelbert Malafe,Afghanistan,201,5323
915,Jobie Fardoe,Indonesia,218,5762
916,Milissent Towlson,Peru,363,5806
917,Teodorico Bru,China,402,5464
918,Lonni Ambler,Norway,418,5986
919,Wallis Brinicombe,China,467,5892
920,Natty Cabell,Greece,434,5530
921,Cary Covet,Philippines,244,5630
922,Shepperd Dallywater,Angola,135,5092
923,Hector Gerardet,China,352,5419
924,Vic Maddigan,El Salvador,213,5776
925,Jenna Pegram,China,221,5558
926,Leonardo Vogele,Russia,219,5022
927,Damien Canti,Russia,440,5142
928,Burlie Badham,Peru,494,5855
929,Cyrillus Pilger,Indonesia,270,5875
930,Robbie Carles,China,177,5895
931,Elbertina McVee,Ukraine,201,5025
932,Lexie Burgne,Czech Republic,104,5912
933,Paolina Sheffield,Serbia,292,5895
934,Hilario Hubane,China,440,5320
935,Darcie Akred,France,447,5645
936,Rancell Arblaster,Egypt,297,5442
937,Jeralee Fanton,Poland,404,5812
938,Selene Yurevich,Brazil,346,5161
939,Petronella Crathorne,Brazil,441,5283
940,Wyatt Turbefield,China,357,5261
941,Duff Pietruszewicz,Indonesia,253,5422
942,Buckie Jevons,Morocco,457,5226
943,Aldwin Cohen,Ireland,185,5465
944,Cindee Slainey,Russia,351,5430
945,Robinson Chapelhow,China,343,5791
946,Anthe Ascraft,Indonesia,459,5987
947,Willabella Moorman,Honduras,392,5215
948,Bo Grigorey,China,460,5979
949,Ellerey O'Dea,Indonesia,371,5298
950,Tailor Troucher,Portugal,102,5631
951,Coletta Rouch,Indonesia,485,5439
952,Berrie Dawtrey,Netherlands,286,5572
953,Anne-corinne Jacobssen,Indonesia,434,5657
954,Cullan Menier,Colombia,117,5800
955,Ivor Finlow,China,100,5017
956,Roddie Haskey,Poland,361,5237
957,Bamby Angerstein,Pakistan,333,5101
958,Katinka Pritchett,Indonesia,272,5822
959,Bradford Leavesley,Chile,345,5974
960,Clem Hinkensen,Indonesia,317,5455
961,Vivie Friedenbach,Peru,148,5943
962,Daron Matteucci,France,123,5556
963,Arliene Stowell,Indonesia,195,5559
964,Meade Tooher,Syria,198,5853
965,Gillie Akred,Nigeria,492,5856
966,Lydia Dugald,Argentina,169,5199
967,York Murrish,France,214,5491
968,Othelia Ridolfo,Iran,112,5983
969,Otis Lishmund,China,471,5622
970,Penny Winfindale,Indonesia,334,5586
971,Karlee Whistlecroft,Sweden,330,5092
972,Douglass Arlott,Indonesia,176,5496
973,Ruy Dubble,Portugal,453,5045
974,Raffaello Giovannini,Chad,292,5883
975,Lin Chipchase,Brazil,390,5696
976,Temp Wright,China,142,5762
977,Jamil Borrie,France,203,5368
978,Trixi Monnelly,Greece,242,5774
979,Alard Ibbitt,Indonesia,257,5004
980,Nat O'Scanlon,Indonesia,306,5349
981,Flossi Dinsmore,Nigeria,382,5487
982,Bogey Balderson,China,277,5874
983,Flori Rodgman,Indonesia,232,5729
984,Gayle Barkas,Thailand,472,5577
985,Lionel Prigg,Mexico,459,5302
986,Ivette Vasilyevski,Ethiopia,268,5416
987,Hermy Kitman,Portugal,147,5683
988,Nancey Binning,China,191,5800
989,Owen Bound,China,368,5941
990,Eirena Corbett,Mongolia,248,5127
991,Reed Steagall,United States,341,5812
992,Eachelle Matthias,Lithuania,248,5464
993,Kristen Karolewski,Indonesia,239,5152
994,Carmina Kingswood,Dominican Republic,270,5086
995,Quent Jayme,Bhutan,286,5242
996,Eulalie Bleakman,Bolivia,347,5449
997,Nicki Alves,Portugal,404,5369
998,Dorey Johnke,Poland,195,5911
999,Anderea Leifer,Czech Republic,146,5686
1000,Vasili Wheeldon,Japan,243,5676